{"loss": 5.341433666646481, "_runtime": 33180, "_timestamp": 1637829311, "_step": 4544, "mae-on-validation": 379.9620056152344}