{"loss": 1.9949611723423004, "_runtime": 38792, "_timestamp": 1636627632, "_step": 5700, "mae-on-validation": 108.43386840820312}