{"loss": 13.183996230363846, "_runtime": 28189, "_timestamp": 1637135105, "_step": 4143, "mae-on-validation": 316.12066650390625}