{"loss": 4.83149047030343, "_runtime": 21244, "_timestamp": 1636350681, "_step": 3059, "mae-on-validation": 135.7312774658203, "_wandb": {"runtime": 21241}}