{"loss": 5.145938414335251, "_runtime": 41560, "_timestamp": 1637232605, "_step": 6012, "mae-on-validation": 150.4241180419922}