{"loss": 7.161473762989044, "_runtime": 11857, "_timestamp": 1637841301, "_step": 1754, "mae-on-validation": 133.10801696777344}