{"loss": 2.469760185480118, "_runtime": 38204, "_timestamp": 1636714108, "_step": 5744, "mae-on-validation": 109.2364273071289}