{"loss": 25.264233672618865, "_runtime": 46, "_timestamp": 1636196774, "_step": 4, "mae-on-validation": 342.3312683105469}