{"loss": 49.09761719703674, "_runtime": 36, "_timestamp": 1637794692, "_step": 2, "mae-on-validation": 295.2511901855469}