{"loss": 6.396933826804161, "_runtime": 37773, "_timestamp": 1636972156, "_step": 5921, "mae-on-validation": 148.5587158203125}