{"loss": 43.92835371494293, "_runtime": 60, "_timestamp": 1637080848, "_step": 2, "mae-on-validation": 499.7100830078125}